pregnancies,glucose,blood_pressure,skin_thickness,insulin,bmi,diabetes_pedigree,age,outcome
5,101.9,120.5,29.9,101.0,27.3,0.341,51,0
5,98.5,119.3,29.2,96.6,26.7,0.304,50,0
6,101.3,119.9,29.9,100.1,27.2,0.337,52,0
4,99.7,119.1,30.7,101.1,26.9,0.345,48,1
5,98.9,120.5,29.9,98.4,26.8,0.327,50,0
4,98.8,119.5,28.5,97.9,26.8,0.302,48,0
5,98.6,119.6,29.2,96.9,26.8,0.331,49,0
6,99.9,121.7,30.4,98.2,27.0,0.352,51,0
5,101.9,119.0,29.9,99.3,27.3,0.356,51,0
4,101.2,119.2,29.9,103.4,27.2,0.343,49,1
4,,120.2,28.5,96.9,26.6,0.333,48,0
5,100.5,119.2,31.4,95.2,27.1,0.32,51,0
5,99.1,119.8,29.2,98.5,26.9,0.329,50,1
5,99.9,120.2,29.9,101.9,27.0,0.343,50,1
5,99.2,119.7,29.2,98.4,26.9,0.312,51,0
4,99.5,122.0,32.2,101.8,26.9,0.329,49,1
5,101.3,121.2,29.2,102.6,27.2,0.364,50,1
6,100.4,121.4,30.7,101.4,27.1,0.349,51,0
5,99.7,119.1,29.9,99.1,26.9,0.341,49,0
5,99.5,119.0,29.2,99.6,26.9,0.323,49,1
5,98.3,118.9,29.2,99.4,26.7,0.358,49,0
4,99.3,120.0,29.2,96.4,26.9,0.341,48,0
4,99.9,119.8,29.2,96.9,27.0,0.343,48,0
5,101.8,120.8,31.4,106.7,27.3,0.418,51,1
4,101.1,119.4,29.9,98.7,27.2,0.323,49,1
4,99.6,119.0,30.7,101.0,26.9,0.333,49,1
4,97.7,119.3,28.5,97.9,26.6,0.347,48,0
5,101.8,119.0,29.2,99.2,27.3,0.37,50,0
6,99.4,118.1,29.2,100.0,26.9,0.323,51,0
6,99.8,121.6,28.5,103.0,27.0,0.376,51,1
4,101.3,119.5,29.2,98.6,27.2,0.345,49,0
5,98.0,118.0,28.5,98.1,26.7,0.329,50,0
5,103.8,120.7,32.2,100.0,27.6,0.364,51,1
5,98.5,119.9,28.5,99.1,26.7,0.352,51,0
5,98.1,118.6,29.2,97.0,26.7,0.316,50,0
5,99.1,118.8,28.9,101.1,26.8,0.36,51,0
5,100.7,121.3,29.2,102.7,27.1,0.337,50,1
5,100.3,118.6,29.2,100.9,27.1,0.347,50,1
5,102.1,122.4,31.4,103.6,27.4,0.362,50,1
5,100.4,118.1,29.9,101.0,27.1,0.352,50,0
5,99.7,120.5,30.7,100.6,27.0,0.397,50,0
4,98.0,117.3,29.2,97.5,26.7,0.345,48,0
4,99.7,119.6,30.3,99.5,26.9,0.333,49,0
5,99.3,118.2,28.5,97.9,26.9,0.387,50,0
5,102.0,120.2,31.4,101.6,27.3,0.341,51,1
5,98.9,120.8,29.9,99.3,26.8,0.325,51,0
4,99.7,119.2,29.2,99.6,26.9,0.306,49,1
4,97.8,118.6,29.2,99.1,26.6,0.308,48,0
6,98.7,120.3,29.2,97.0,26.8,0.339,51,0
5,100.4,119.9,31.4,101.8,27.1,0.343,49,0
5,99.8,120.4,29.2,98.9,27.0,0.354,51,1
6,100.5,120.7,29.9,99.9,27.1,0.339,51,1
4,99.7,119.9,29.9,99.1,27.0,0.343,49,0
5,99.5,121.8,29.9,98.3,26.9,0.374,50,0
5,100.8,120.2,29.2,97.9,27.1,0.354,49,1
5,98.5,119.1,29.2,96.7,,0.354,49,0
5,101.2,119.3,30.1,101.7,27.2,0.341,49,0
5,98.1,118.7,28.5,97.2,26.7,0.316,49,0
5,98.1,120.9,28.5,100.0,26.7,0.325,51,1
6,99.2,120.3,29.9,101.9,26.9,0.36,51,1
4,99.9,119.0,28.5,97.4,27.0,0.333,49,0
5,100.1,118.7,31.4,101.8,27.0,0.36,49,0
5,99.8,119.0,29.2,95.9,27.0,0.337,49,0
5,98.9,118.5,29.9,98.5,26.8,0.314,49,0
6,99.2,119.0,29.2,99.0,26.9,0.356,51,0
5,99.3,121.5,31.4,102.1,26.9,0.358,49,1
5,99.5,119.2,31.4,100.0,26.9,0.36,50,0
5,99.6,119.6,30.0,99.4,26.9,0.352,51,0
5,99.1,119.0,29.9,99.4,26.9,0.352,51,1
5,98.6,119.9,29.2,97.4,26.8,0.36,50,1
5,97.9,119.7,29.2,96.9,26.7,0.37,50,0
5,101.0,123.1,29.9,101.3,27.2,0.381,50,1
6,99.9,119.7,29.9,104.2,27.0,0.341,51,1
5,99.4,119.9,30.7,99.7,26.9,0.345,50,0
5,100.1,121.4,29.2,100.2,27.0,0.387,50,0
5,99.1,119.3,29.9,100.3,26.8,0.364,50,0
5,100.8,121.8,29.0,98.5,27.1,0.358,49,1
4,98.9,118.1,29.2,96.3,26.8,0.349,48,1
5,98.3,119.4,29.9,102.1,26.7,0.308,50,1
4,98.9,119.3,29.9,96.6,26.8,0.337,48,0
6,100.4,121.1,29.9,101.3,27.1,0.347,51,0
5,99.3,119.3,30.7,99.7,26.9,0.349,50,0
5,98.9,119.3,29.2,96.5,26.8,0.31,50,0
5,100.3,118.8,29.2,99.2,27.0,0.329,49,1
5,98.8,117.5,29.0,96.6,26.8,0.285,50,0
5,102.1,120.0,29.2,97.9,27.4,0.314,51,0
4,97.7,119.0,29.9,95.2,26.6,0.333,49,0
5,99.8,120.3,29.2,102.1,27.0,0.331,51,0
4,98.8,118.3,29.2,98.3,26.8,0.385,49,0
5,98.6,119.5,29.2,98.8,26.8,0.36,49,0
5,99.2,119.0,28.5,96.4,26.9,0.356,50,0
5,101.6,118.7,30.7,101.9,27.3,0.36,51,1
5,100.1,122.4,29.2,100.6,27.0,0.356,50,0
5,98.1,117.4,29.1,98.3,26.7,0.323,49,0
4,99.5,119.7,29.2,97.9,26.9,0.304,48,0
4,98.3,118.0,29.9,100.1,26.7,0.347,49,1
6,100.3,121.2,30.7,103.0,27.0,0.366,51,0
5,102.7,119.4,30.7,100.1,27.4,0.389,49,1
5,99.8,119.7,29.2,99.7,27.0,0.316,50,0
5,98.1,120.3,30.7,100.6,26.7,0.323,50,0
5,100.5,119.4,29.9,101.9,27.1,0.349,50,0
5,98.6,121.6,29.2,98.5,26.8,0.368,50,0
4,100.8,119.6,29.2,99.7,27.1,0.349,48,1
6,101.2,120.3,30.7,99.5,27.2,0.335,51,1
5,101.9,119.9,29.2,96.9,27.3,0.318,49,0
5,99.0,119.0,29.9,99.5,26.8,0.36,50,0
4,97.7,118.9,29.2,97.0,26.6,0.308,48,0
5,101.5,118.6,31.1,97.4,27.2,0.347,51,0
5,101.4,120.7,30.5,102.3,27.2,0.37,50,1
5,99.7,120.1,31.0,98.7,27.0,0.403,51,0
5,99.0,119.4,29.2,93.7,26.8,0.358,51,0
5,100.1,119.3,29.2,98.8,27.0,0.327,50,0
4,100.6,119.3,29.9,98.8,27.1,0.352,48,1
5,100.4,121.6,30.7,102.3,27.1,0.395,50,1
5,103.3,121.6,30.4,105.0,27.6,0.362,50,1
5,100.0,119.9,32.2,104.2,27.0,0.352,49,1
5,101.8,121.8,30.7,101.1,27.3,0.364,51,1
6,99.4,122.2,31.4,104.0,26.9,0.418,51,1
4,99.7,120.6,30.7,101.0,26.9,0.378,49,1
5,98.6,119.9,29.2,101.4,26.8,0.364,50,1
5,100.1,,29.9,98.0,27.0,0.339,49,1
6,100.5,120.5,30.7,101.0,27.1,0.356,51,1
5,102.4,120.5,31.4,101.6,27.4,0.374,51,1
5,101.0,120.0,33.7,100.8,27.2,0.387,50,0
5,100.7,120.2,29.2,99.2,27.1,0.343,50,0
5,99.7,119.9,29.9,104.0,27.0,0.354,50,1
4,98.2,119.3,28.5,95.3,26.7,0.323,48,0
5,99.9,119.7,29.2,100.2,27.0,0.302,51,0
4,98.1,119.3,29.2,98.5,26.7,0.314,49,0
5,100.5,120.1,30.7,101.9,27.1,0.41,50,1
4,102.9,122.6,29.9,101.1,27.5,0.387,49,1
4,97.9,118.3,29.2,97.7,26.7,0.31,48,1
5,99.4,119.8,29.9,99.4,26.9,0.362,50,0
5,98.4,119.0,29.2,96.4,26.7,0.335,49,0
4,101.3,119.2,29.2,98.6,27.2,0.327,49,0
5,101.7,119.1,30.8,102.5,27.3,0.378,50,1
4,97.6,118.6,28.5,96.7,26.6,0.339,48,0
5,101.5,122.4,29.9,100.9,27.2,0.343,50,1
5,103.3,121.9,29.9,101.4,27.6,0.387,51,1
5,101.9,121.3,29.9,102.7,27.3,0.347,50,1
5,100.4,121.1,29.9,98.3,27.1,0.358,51,0
5,101.4,118.8,32.6,102.3,27.2,0.416,49,1
5,100.4,121.0,29.9,102.3,27.1,0.349,51,1
5,100.2,119.8,29.2,97.9,27.0,0.329,49,0
5,101.4,119.6,31.4,100.3,27.2,0.354,51,1
5,103.9,121.6,29.2,99.2,27.6,0.325,49,1
5,101.8,120.0,30.7,100.7,27.3,0.354,49,1
4,102.8,119.5,30.5,101.3,27.5,0.37,49,0
4,100.5,119.5,29.9,98.5,27.1,0.349,49,0
5,99.8,118.8,31.4,103.1,27.0,0.331,49,0
5,102.1,120.6,29.9,99.0,27.4,0.345,50,1
5,99.9,119.9,29.2,99.6,27.0,0.343,50,0
5,100.0,121.8,32.2,101.3,27.0,0.387,49,1
5,98.7,121.6,29.9,98.3,26.8,0.356,51,0
6,100.6,119.9,29.9,100.4,27.1,0.352,51,1
5,101.8,121.2,30.7,101.9,27.3,0.374,49,1
5,99.7,120.0,29.2,98.9,26.9,0.333,50,0
5,99.0,119.5,30.4,100.5,26.8,0.364,50,0
5,98.0,118.3,29.9,98.5,26.7,0.325,50,0
5,101.3,122.2,29.9,102.1,27.2,0.341,50,1
5,98.1,118.1,29.2,98.2,26.7,0.327,50,0
5,101.9,121.8,32.2,103.8,27.3,0.393,49,1
4,100.9,118.1,29.9,98.5,27.2,0.349,49,1
5,102.2,121.9,29.9,98.8,27.4,0.381,50,0
5,99.4,120.5,29.2,100.9,26.9,0.343,51,1
5,98.0,118.8,29.2,97.2,26.7,0.343,49,0
4,98.2,119.1,29.2,96.1,26.7,0.298,49,0
6,102.1,120.9,30.8,103.9,27.3,0.403,51,1
5,101.8,119.9,32.2,103.4,27.3,0.414,50,1
5,99.2,121.2,31.4,106.7,26.9,0.36,50,0
5,99.4,119.1,29.2,95.2,26.9,0.341,50,0
5,98.6,117.5,29.2,97.4,26.8,0.327,50,0
5,102.1,120.2,30.7,103.7,27.4,0.393,51,1
4,97.6,119.9,29.2,99.1,26.6,0.323,49,0
5,100.3,118.9,29.2,100.9,27.0,0.354,50,0
6,98.8,119.3,29.2,98.6,26.8,0.352,51,0
5,100.6,121.0,29.9,99.8,27.1,0.36,51,1
5,100.8,119.4,31.6,103.6,27.1,0.366,51,1
5,99.7,119.3,29.2,97.6,27.0,0.335,51,0
5,99.5,119.7,30.7,100.7,26.9,0.345,50,0
5,100.1,120.9,30.7,100.8,27.0,0.349,49,0
5,98.7,118.7,29.9,98.7,26.8,0.318,51,0
5,100.2,121.4,31.4,100.8,27.0,0.345,51,0
5,98.9,121.6,29.9,100.8,26.8,0.378,51,1
5,100.7,119.4,29.9,101.9,27.1,0.366,50,1
4,99.5,120.2,30.7,103.4,26.9,0.341,49,0
4,101.3,119.5,32.2,102.4,27.2,0.331,48,0
4,98.4,119.3,28.5,95.7,26.7,0.298,49,0
5,99.9,121.2,29.9,99.9,27.0,0.345,50,0
5,98.0,120.0,29.9,99.0,26.7,0.337,50,0
5,99.6,120.7,30.7,101.2,26.9,0.347,50,1
5,98.7,118.9,29.2,100.5,26.8,0.345,50,1
6,99.1,120.2,29.2,98.5,26.8,0.32,51,0
5,99.8,118.4,31.4,102.0,27.0,0.36,50,0
4,98.2,120.8,29.2,100.1,26.7,0.362,49,0
5,100.8,120.4,30.7,100.4,27.1,0.362,51,0
5,98.6,119.2,29.9,98.3,26.8,0.356,50,0
5,100.1,121.8,30.7,100.7,27.0,0.368,51,0
4,101.6,119.3,29.2,96.3,27.3,0.32,49,0
5,98.6,120.9,29.7,104.5,26.8,0.354,51,0
6,98.3,119.8,29.6,98.6,26.7,0.372,51,1
5,98.3,119.6,29.2,97.4,26.7,0.364,49,0
6,100.0,120.9,30.7,104.2,27.0,0.335,52,1
5,100.9,121.3,31.4,101.3,27.2,0.364,50,1
6,100.2,120.7,30.7,100.1,27.0,0.389,52,1
5,101.4,120.4,29.9,103.2,27.2,0.337,49,0
5,100.8,119.8,30.7,100.5,27.1,0.352,50,1
5,101.4,120.7,29.2,102.3,27.2,0.368,50,1
5,101.2,121.9,30.7,99.9,27.2,0.41,51,1
5,99.5,121.7,30.7,99.4,26.9,0.343,51,0
5,100.4,120.4,29.2,98.3,27.1,0.32,50,1
6,101.1,120.5,29.2,98.9,27.2,0.339,52,0
6,100.1,120.9,29.2,100.0,27.0,0.36,51,0
5,97.9,119.4,29.2,98.9,26.6,0.354,50,0
5,99.0,119.4,28.5,98.0,26.8,0.323,51,0
5,102.8,122.4,29.9,101.8,27.5,0.403,51,1
5,101.1,121.2,32.9,102.3,27.2,0.374,50,1
6,100.9,122.5,29.9,101.7,27.2,0.372,51,1
5,98.0,119.0,30.7,100.4,26.7,0.343,49,1
4,98.7,119.5,29.2,100.1,26.8,0.335,48,1
5,98.8,119.9,29.2,94.9,26.8,0.316,50,0
5,98.8,119.3,29.9,100.1,26.8,0.331,49,0
5,99.2,121.1,29.2,100.1,26.9,0.36,50,1
4,99.3,118.4,29.2,99.1,26.9,0.325,48,0
5,98.0,117.2,29.2,98.2,26.7,0.345,49,0
5,101.0,121.2,30.7,103.2,27.2,0.352,51,1
4,98.6,119.3,29.2,98.0,26.8,0.323,48,0
6,99.1,121.4,29.0,98.1,26.9,0.354,51,0
4,99.6,118.5,29.9,98.6,26.9,0.325,49,1
5,99.5,119.3,29.2,98.8,26.9,0.356,49,0
5,102.1,118.6,31.4,102.5,27.4,0.385,49,1
5,99.1,120.5,29.9,100.5,26.8,0.356,50,1
5,100.0,119.7,31.1,101.2,27.0,0.366,50,1
6,101.1,118.7,29.2,98.7,27.2,0.331,51,0
5,101.2,121.1,29.7,103.2,27.2,0.378,51,1
6,99.6,121.5,30.3,99.7,26.9,0.374,51,0
5,100.2,120.9,30.7,102.0,27.0,0.356,51,0
6,97.9,118.3,29.2,97.6,26.7,0.349,51,0
5,99.7,121.5,31.4,100.6,27.0,0.339,51,1
5,100.6,119.7,29.9,103.3,27.1,0.374,50,1
5,102.2,121.7,30.7,101.7,27.4,0.36,51,1
5,99.7,120.1,29.8,98.5,27.0,0.378,51,1
4,99.3,119.4,29.2,96.1,26.9,0.314,48,0
5,98.6,120.3,29.9,97.8,26.8,0.329,50,0
4,101.6,119.5,29.2,97.8,27.3,0.347,49,1
5,98.9,119.3,29.2,97.5,26.8,0.285,49,0
5,99.0,118.5,29.8,102.3,26.8,0.32,51,0
4,97.6,119.0,29.2,99.5,26.6,0.304,48,0
5,101.4,121.5,32.2,103.2,27.2,0.37,49,1
5,101.8,121.3,30.7,103.5,27.3,0.354,50,1
6,101.7,121.8,29.9,103.8,27.3,0.368,51,1
4,103.0,122.2,32.2,104.2,27.5,0.37,49,1
5,101.8,118.6,31.0,99.8,27.3,0.335,50,0
6,101.0,120.2,30.7,101.7,27.2,0.385,52,0
5,101.7,121.9,31.4,106.0,27.3,0.395,51,1
5,98.0,119.9,29.2,99.8,26.7,0.354,50,1
5,104.8,118.8,30.7,101.4,27.8,0.356,49,1
5,98.3,120.6,29.2,99.7,26.7,0.325,49,0
6,99.3,118.9,31.6,98.1,26.9,0.378,52,0
5,98.9,121.1,30.1,97.8,26.8,0.354,50,0
5,99.7,118.6,28.5,96.0,27.0,0.341,51,0
5,98.7,122.6,28.5,99.4,26.8,0.358,51,0
5,103.8,122.4,30.7,101.7,27.6,0.352,50,1
4,97.7,118.8,29.2,96.4,26.6,0.341,49,0
5,100.8,119.2,29.9,97.0,27.1,0.339,51,0
5,99.2,119.6,29.7,100.7,26.9,0.37,49,0
4,98.1,120.3,28.5,95.7,26.7,0.352,49,0
6,100.0,117.9,30.7,101.2,27.0,0.364,51,0
6,102.7,121.8,31.4,101.5,27.4,0.387,51,1
5,99.0,119.3,28.5,99.4,26.8,0.331,50,0
5,100.9,122.1,29.2,100.4,27.2,0.358,50,1
5,100.3,121.1,29.9,99.1,27.0,0.354,51,0
5,100.2,118.6,29.2,99.1,27.0,0.304,50,1
6,99.4,121.1,31.4,105.3,26.9,0.368,51,1
5,99.3,120.9,29.9,100.8,26.9,0.358,50,0
5,99.7,120.3,29.9,100.6,26.9,0.385,50,0
5,100.8,121.6,29.9,102.9,27.1,0.339,50,1
5,98.2,120.0,28.5,98.9,26.7,0.358,49,0
6,98.9,117.9,30.7,100.1,26.8,0.366,51,0
5,99.3,120.1,29.2,99.2,26.9,0.337,51,1
5,100.6,121.0,29.9,100.8,27.1,0.341,50,1
4,97.3,118.6,29.9,101.2,26.5,0.352,48,0
6,99.8,119.9,30.7,99.6,27.0,0.364,51,1
5,98.4,119.2,29.2,96.6,26.7,0.335,50,1
5,99.3,120.7,29.9,100.1,26.9,0.323,51,1
5,99.4,119.6,32.2,103.0,26.9,0.339,50,1
5,98.4,118.1,28.5,99.0,26.7,0.347,49,0
5,99.8,119.6,30.7,101.6,27.0,0.347,51,1
6,99.5,120.5,29.9,96.5,26.9,0.341,51,0
4,101.7,119.0,31.4,103.1,27.3,0.333,49,0
6,102.3,120.6,30.7,101.5,27.4,0.372,51,1
6,100.6,121.6,29.9,102.9,27.1,0.32,51,1
5,99.3,119.2,28.6,96.9,26.9,0.331,50,0
4,102.8,120.3,30.0,97.3,27.5,0.349,49,1
5,99.1,119.9,29.9,96.3,26.8,0.333,50,0
4,101.2,119.0,29.2,100.8,27.2,0.352,49,0
6,98.2,119.0,29.2,97.2,26.7,0.32,51,0
5,99.7,118.4,29.2,96.8,27.0,0.323,50,0
5,98.9,118.8,29.2,98.5,26.8,0.343,50,0
5,99.6,119.6,29.9,98.7,26.9,0.349,51,0
5,102.2,119.0,30.0,102.1,27.4,0.372,50,1
5,99.3,121.3,29.9,98.9,26.9,0.368,50,0
5,101.0,120.8,30.2,101.6,27.2,0.364,50,1
6,101.0,122.4,29.9,103.7,27.2,0.339,51,1
5,98.8,121.3,31.4,98.9,26.8,0.343,51,1
5,98.8,119.0,31.4,100.9,26.8,0.316,50,0
5,99.9,120.5,29.2,98.0,27.0,0.343,50,0
6,99.1,120.1,30.7,101.2,26.8,0.391,51,1
5,98.6,119.2,28.6,96.9,26.8,0.31,50,0
5,100.0,119.9,29.9,101.3,27.0,0.391,50,0
5,101.9,120.9,30.0,99.1,27.3,0.366,50,0
6,101.2,118.6,30.7,100.6,27.2,0.362,52,1
4,99.3,119.9,29.2,98.1,26.9,0.335,49,0
6,101.6,121.3,30.7,102.8,27.3,0.349,51,1
5,101.2,119.7,29.9,99.4,27.2,0.331,50,0
5,99.4,118.7,29.2,99.5,26.9,0.349,50,0
5,100.4,120.0,30.7,103.7,27.1,0.37,50,1
5,99.0,121.4,30.7,101.2,26.8,0.385,50,1
6,100.2,120.6,29.2,100.5,27.0,0.366,52,0
5,100.1,121.1,29.2,101.4,27.0,0.381,50,1
5,100.9,119.9,31.4,101.7,27.2,0.352,50,0
6,101.6,122.0,32.8,104.9,27.3,0.381,52,1
5,101.9,121.6,33.1,106.7,27.3,0.391,50,1
6,99.8,121.2,32.2,106.5,27.0,0.378,51,1
5,100.2,120.3,32.2,103.3,27.0,0.36,51,1
5,101.6,118.3,31.7,104.2,27.3,0.374,50,1
5,99.7,119.2,30.7,101.5,27.0,0.364,51,0
6,103.4,120.7,29.9,100.0,27.6,0.347,51,1
5,102.0,118.5,29.9,99.9,27.3,0.36,49,0
5,98.3,119.9,29.2,99.1,26.7,0.372,50,0
5,100.9,121.1,31.4,98.8,27.2,0.358,50,1
6,99.2,119.1,29.9,97.9,26.9,0.347,52,1
5,103.1,121.9,30.7,102.9,27.5,0.368,51,1
5,99.8,120.7,30.7,101.5,27.0,0.366,51,1
4,98.6,119.4,29.2,96.9,26.8,0.323,49,0
5,98.6,119.7,29.2,97.4,26.8,0.32,50,0
5,102.6,119.1,32.9,104.0,27.4,0.376,50,1
5,99.6,121.8,30.7,100.3,26.9,0.352,50,0
4,99.0,119.2,29.9,98.9,26.8,0.32,49,1
5,99.8,118.7,29.9,102.2,27.0,0.358,51,0
5,99.6,123.3,29.2,98.2,26.9,0.335,50,1
5,101.8,121.4,29.9,98.8,27.3,0.341,51,1
6,100.7,121.4,29.9,98.8,27.1,0.362,51,1
5,100.6,122.3,29.2,97.1,27.1,0.354,50,0
4,99.7,119.0,30.7,100.4,26.9,0.335,48,1
6,99.9,119.2,30.7,100.0,27.0,0.349,52,0
5,100.5,120.8,31.4,103.1,27.1,0.358,50,0
5,99.1,118.1,29.9,100.2,26.9,0.335,51,0
5,99.4,119.9,29.2,99.5,26.9,0.349,51,0
5,98.3,118.9,30.7,96.9,26.7,0.314,50,0
5,101.8,122.7,29.9,103.5,27.3,0.418,49,1
4,98.8,119.2,29.2,97.1,26.8,0.329,48,0
5,97.8,118.8,28.5,99.0,26.6,0.331,50,0
4,98.3,119.1,30.7,106.6,26.7,0.352,49,0
5,101.4,120.5,30.7,103.7,27.2,0.381,50,1
4,99.7,120.4,29.9,98.3,27.0,0.356,49,0
5,99.0,119.6,29.9,98.6,26.8,0.312,50,0
4,101.5,120.5,29.9,102.5,27.2,0.32,49,1
5,97.5,119.3,29.0,95.9,26.6,0.327,50,0
5,100.2,120.8,30.7,100.7,27.0,0.381,51,1
5,100.6,120.5,29.9,100.7,27.1,0.37,50,1
5,99.8,120.7,28.5,96.4,27.0,0.362,51,1
5,103.1,121.8,29.9,100.2,27.5,0.37,50,1
5,99.3,120.0,30.6,101.0,26.9,0.356,49,0
5,99.8,119.5,30.7,100.7,27.0,0.399,50,1
5,98.8,119.7,29.9,101.6,26.8,0.399,51,1
5,104.1,119.6,31.4,103.6,27.7,0.374,49,1
5,105.1,120.4,30.7,101.7,27.9,0.366,50,1
5,100.1,120.4,30.7,104.3,27.0,0.391,50,0
5,101.1,119.0,30.3,99.7,27.2,0.364,50,1
5,98.3,118.6,29.2,96.9,26.7,0.312,50,0
6,99.7,121.2,30.7,106.0,27.0,0.341,51,1
5,99.3,119.6,29.9,99.5,26.9,0.339,49,0
4,99.7,119.9,29.2,97.9,26.9,0.349,49,1
4,99.0,118.3,29.2,100.0,26.8,0.31,48,0
5,99.9,122.7,29.9,101.4,27.0,0.36,51,1
5,102.0,119.9,31.7,102.3,27.3,0.349,50,0
5,100.3,120.5,31.4,100.5,27.0,0.318,50,1
5,100.1,119.9,30.7,101.1,27.0,0.331,50,1
5,98.8,120.5,28.5,97.7,26.8,0.362,50,0
5,100.8,121.5,29.3,97.4,27.1,0.337,50,0
4,97.3,118.1,29.9,99.4,26.6,0.323,49,0
5,101.8,119.4,29.9,105.2,27.3,0.368,51,0
5,99.1,119.8,29.2,99.1,26.9,0.354,50,0
5,99.1,120.1,29.9,101.2,26.9,0.331,51,0
5,99.4,121.2,29.2,98.7,26.9,0.343,50,1
5,98.8,119.6,29.2,98.5,26.8,0.352,50,0
5,100.5,118.1,29.9,94.8,27.1,0.312,49,1
6,99.3,121.4,29.9,101.3,26.9,0.331,51,0
5,100.0,117.9,29.2,97.9,27.0,0.306,50,0
5,102.1,121.5,30.7,105.2,27.3,0.387,50,1
5,97.9,118.4,29.2,95.5,26.7,0.325,50,0
5,99.1,119.9,29.9,97.9,26.9,0.383,49,0
4,98.6,118.9,29.2,98.0,26.8,0.339,49,0
5,100.6,121.4,31.4,106.5,27.1,0.354,51,1
4,100.0,119.3,29.9,101.6,27.0,0.323,49,1
4,99.1,119.4,29.2,95.2,26.8,0.333,48,0
6,99.9,119.2,29.5,101.8,27.0,0.362,51,1
5,100.5,119.2,29.9,102.3,27.1,0.316,50,1
6,100.7,121.2,29.9,102.0,27.1,0.36,51,1
5,101.4,122.3,29.2,98.3,27.2,0.345,50,1
5,98.6,118.6,28.5,97.9,26.8,0.37,50,0
6,99.0,119.4,31.4,100.8,26.8,0.372,52,1
5,102.9,119.9,29.9,103.1,27.5,0.37,50,1
5,101.6,121.8,29.2,98.6,27.3,0.345,50,1
5,103.7,122.1,29.9,101.8,27.6,0.335,51,1
4,97.6,117.9,29.2,97.2,26.6,0.281,49,0
5,102.8,118.7,30.4,97.6,27.5,0.36,51,0
6,98.5,122.7,30.5,102.9,26.7,0.37,51,1
4,99.7,121.4,31.4,101.5,26.9,0.347,49,1
5,99.2,120.2,30.7,103.3,26.9,0.329,50,1
5,101.8,118.9,28.5,97.4,27.3,0.337,50,0
6,102.6,121.6,29.9,100.3,27.4,0.393,51,1
4,100.0,119.3,29.2,98.2,27.0,0.36,49,0
6,100.2,119.9,31.8,102.7,27.0,0.354,52,0
5,100.3,118.7,31.4,100.7,27.0,0.352,50,1
5,102.4,122.5,30.1,98.5,27.4,0.368,49,1
4,102.1,118.1,29.6,97.7,27.4,0.352,49,0
5,99.3,119.3,29.9,98.9,26.9,0.354,50,0
5,98.4,118.7,29.2,96.3,26.7,0.347,50,0
5,98.9,120.0,30.7,98.3,26.8,0.381,50,0
5,100.5,120.5,31.4,102.5,27.1,0.358,51,1
4,102.3,121.3,29.9,102.0,27.4,0.345,48,1
5,98.8,120.7,32.2,100.8,26.8,0.327,50,0
5,100.3,119.5,30.7,101.2,27.1,0.362,50,0
4,98.8,118.0,28.5,99.0,26.8,0.325,48,0
5,99.0,121.1,31.2,101.8,26.8,0.393,51,0
5,100.2,119.9,29.2,97.7,27.0,0.366,49,0
5,102.7,122.2,30.7,103.3,27.4,0.416,51,1
5,99.0,119.4,29.5,98.7,26.8,0.331,49,0
5,98.3,118.7,30.7,99.5,26.7,0.341,50,1
6,99.1,120.5,29.2,99.3,26.8,0.349,51,0
5,101.7,119.9,30.5,102.8,27.3,0.403,50,1
5,98.2,119.3,29.2,97.4,26.7,0.345,49,0
5,100.0,120.2,29.2,97.7,27.0,0.366,50,0
5,99.3,119.0,29.9,98.1,26.9,0.331,50,0
4,97.8,118.7,28.5,96.9,26.6,0.327,49,0
5,100.6,121.5,29.9,101.6,27.1,0.354,51,1
5,99.5,118.3,30.7,99.1,26.9,0.372,50,0
5,99.5,120.4,29.8,97.7,26.9,0.358,51,0
5,101.2,120.0,30.5,102.2,27.2,0.337,49,1
5,97.8,118.0,29.2,99.8,26.6,0.352,49,0
